,id,depression
0,828763412,0
1,2009293273,0
2,360753013,0
3,321912830,0
4,1090960107,0
5,1107396025,0
6,1128632639,0
7,1633339737,0
8,326100448,0
9,1517345440,0
10,1676536859,0
11,1467100908,0
12,1697548081,0
13,292594650,0
14,318104561,0
15,1766958173,0
16,486063892,0
17,834920392,0
18,1469882886,0
19,622197092,0
20,759549858,0
21,1152305047,0
22,905165884,0
23,227399453,0
24,936156493,0
25,1263364682,0
26,1469618247,0
27,928360618,0
28,2035126941,0
29,1505465539,0
30,2145234908,0
31,1157519612,0
32,1582685542,0
33,1891608297,0
34,1018517321,0
35,1925430670,0
36,1830474941,0
37,1097575087,0
38,208918506,0
39,1612101096,0
40,959319001,1
41,663537819,0
42,1116393342,0
43,1252911512,0
44,2048561489,0
45,512161194,0
46,126726892,0
47,980007027,0
48,1178635740,0
49,478600443,0
50,324462329,0
51,1164751526,0
52,1971243519,0
53,1880622160,0
54,64210479,0
55,2036000433,0
56,874885581,0
57,1862406404,0
58,456767460,0
59,657359280,0
60,1250156724,0
61,2092731631,0
62,2036316161,0
63,56287870,0
64,1504260188,0
65,421870289,0
66,1802871101,0
67,301500989,0
68,1676714752,0
69,645235691,0
70,1350546597,0
71,1005495938,0
72,1858263086,0
73,524332077,0
74,1847107821,0
75,1386313344,0
76,340636034,0
77,1613756840,0
78,1027921884,0
79,413595098,0
80,1388129947,0
81,1436079848,0
82,43303565,0
83,320183413,0
84,1704708988,0
85,369770690,0
86,1198953563,0
87,1893745569,0
88,1180672293,0
89,1572114366,0
90,2065083495,1
91,1059376962,0
92,409962812,0
93,1787287423,0
94,1443276368,1
95,868866252,0
96,1763696969,0
97,1115489776,0
98,1516944625,0
99,834328391,0
100,293848412,0
101,621240700,0
102,1269057482,0
103,1137678207,0
104,1169025313,0
105,2076178481,0
106,242207798,0
107,682358284,0
108,783266545,0
109,1191502069,0
110,291819066,0
111,1128215740,0
112,422079984,0
113,589667497,0
114,1927716088,0
115,1822983720,0
116,1501807253,0
117,1502985298,0
118,1026875684,0
119,2003424933,0
120,820966293,0
121,1453637555,0
122,1683943007,0
123,830402490,0
124,988659014,0
125,1474268084,0
126,1805293925,0
127,1839935483,0
128,582129250,0
129,1786945583,0
130,497194570,0
131,606186857,0
132,66121021,0
133,1159645433,0
134,957803976,0
135,119394310,0
136,1316996219,0
137,745251910,0
138,1270586424,0
139,1618993817,0
140,66079867,0
141,459728766,0
142,2068686698,0
143,508468803,0
144,617585715,0
145,156863044,0
146,86813290,0
147,1524669263,0
148,1107021317,0
149,1522073298,0
150,1142816558,0
151,1068484209,0
152,2029099702,0
153,1261864740,0
154,1070980785,0
155,125103762,0
156,791196742,0
157,903273115,0
158,1255991324,0
159,282585370,0
160,155041284,0
161,1284347322,0
162,1330955857,0
163,1792258031,0
164,1242712290,0
165,512937330,0
166,2014877183,0
167,1321110577,0
168,49476885,0
169,240824161,0
170,123241349,0
171,995080172,0
172,726530115,0
173,2132313254,0
174,710513062,0
175,982628459,0
176,554922519,0
177,416066366,0
178,897887849,0
179,1288235658,0
180,465670562,0
181,667013194,0
182,1763486611,0
183,559898985,0
184,299213117,0
185,1756032648,0
186,1942004014,0
187,50787983,0
188,102538663,0
189,240157309,0
190,743749216,0
191,1252643327,0
192,551467213,0
193,508414281,0
194,1486074576,0
195,508791472,0
196,874939009,0
197,1653585308,0
198,1850865910,0
199,504284169,0
200,2101545740,0
201,488678133,0
202,1593159448,0
203,2013959173,0
204,1584102958,0
205,1442774953,0
206,191731714,0
207,1087099542,0
208,1468571023,0
209,142903475,0
210,1383135351,0
211,1074060526,0
212,860729530,0
213,1480513374,0
214,1953537612,0
215,2094321647,0
216,1467062277,0
217,2029880606,0
218,1291059191,0
219,194093477,0
220,2047734927,0
221,518964432,0
222,1965675462,0
223,1586476217,0
224,1913862400,0
225,886961608,0
226,1774190080,0
227,1345694269,0
228,1137606836,0
229,897858599,0
230,80450235,0
231,632663135,0
232,1604559959,0
233,152079903,0
234,1064756196,0
235,1281604220,0
236,21485734,0
237,69370529,0
238,569880200,0
239,822674995,0
240,756529367,0
241,972939593,0
242,1046935979,0
243,1854728910,0
244,925331976,0
245,1449521553,0
246,391151994,0
247,1340633582,0
248,795709137,0
249,1089600182,0
250,1390581888,0
251,789486133,0
252,1268356083,0
253,798860152,0
254,1030193732,0
255,1127919549,0
256,2059771894,0
257,2019879723,0
258,1797569985,0
259,555271573,0
260,1924666500,0
261,830138199,0
262,849343215,0
263,291499146,0
264,89255637,0
265,1533313379,0
266,1804669226,0
267,1700783804,0
268,2005932853,0
269,1630777366,0
270,688658146,0
271,1976539527,0
272,79134780,0
273,1480642373,0
274,93318415,0
275,1623976131,0
276,1269407743,0
277,588577134,0
278,1983622687,0
279,1165405741,0
280,458856384,0
281,652070016,0
282,1384265841,0
283,1292238244,0
284,1233898625,0
285,1687651480,0
286,610546612,0
287,1474662241,0
288,1418099662,0
289,1841710082,0
290,1003130764,0
291,2003031348,0
292,1625673738,0
293,321191782,0
294,851961230,0
295,711387703,0
296,1286140058,0
297,1598795182,0
298,2016725761,0
299,1745193745,0
300,1000527126,0
301,637995988,0
302,1515429483,0
303,8574365,0
304,998028350,0
305,1517609519,0
306,1404674071,0
307,1558222194,0
308,73337977,0
309,756858965,0
310,1425848159,0
311,535354857,0
312,14295248,0
313,805415568,0
314,1855633792,0
315,2073723439,0
316,2092684775,0
317,125229677,0
318,2083613968,0
319,26410451,0
320,1187375544,0
321,1951039583,0
322,1597799187,0
323,186626641,0
324,277582060,0
325,849269528,0
326,393847224,0
327,1024453733,0
328,2070326673,0
329,509513838,0
330,697617314,0
331,1228599493,0
332,1250159320,0
333,687722511,0
334,1425273865,0
335,633185332,1
336,206683449,0
337,1443536748,0
338,447664933,0
339,545390434,0
340,1134791197,0
341,2104079854,0
342,904316254,0
343,62387253,0
344,1824955714,0
345,1077718506,0
346,989708197,0
347,121932388,0
348,483772202,0
349,382510927,0
350,694337981,0
351,1514048261,0
352,286265282,0
353,808578468,0
354,1929373884,0
355,369542008,0
356,473063010,0
357,272343881,0
358,689683454,0
359,1758568183,0
360,269131518,0
361,638300671,0
362,1169185311,0
363,208425110,0
364,1389938458,0
365,1720432201,0
366,2040967282,0
367,652241744,0
368,616015630,0
369,1659749272,0
370,2001044009,0
371,697561029,0
372,546088617,0
373,665625154,0
374,2097986051,0
375,1537857844,0
376,80861236,1
377,1526904772,0
378,1636864946,0
379,598249682,0
380,402035972,0
381,576512887,0
382,853445177,0
383,1891478358,0
384,1891236113,0
385,1087409302,0
386,1755812098,0
387,75729311,0
388,512402801,0
389,1417518017,0
390,1908932143,0
391,831589134,0
392,1714172956,0
393,1431743644,0
394,214479407,0
395,495578720,0
396,1494261488,0
397,101440063,0
398,625313229,0
399,762702525,0
400,193459848,0
401,1369318954,0
402,222714948,0
403,324253638,0
404,1992481616,0
405,970634754,0
406,1079359167,0
407,50872412,0
408,1043382706,0
409,2001597006,0
410,986633517,0
411,1275246197,0
412,1839636374,0
413,1791067624,0
414,379423760,0
415,1025439847,0
416,749844450,0
417,793834290,0
418,187734093,0
419,214475063,0
420,1308016014,0
421,1052661594,0
422,1618718832,0
423,465385078,0
424,1538300244,0
425,37261772,0
426,1796334155,0
427,1794018011,0
428,135240259,0
429,834132595,0
430,1326964580,0
431,927787707,0
432,1737740855,0
433,1614925704,0
434,1019404905,0
435,1586506048,0
436,1165009203,0
437,1460413590,0
438,1204697713,0
439,488502776,0
440,1910883393,0
441,1691019702,0
442,1986656324,0
443,1895148767,0
444,1244640031,0
445,137673682,0
446,1833350121,0
447,647692277,1
448,1553436603,0
449,520927192,0
450,1787731525,0
451,1075044765,0
452,1460918432,0
453,2086546680,0
454,662800975,0
455,879610252,0
456,1487491122,0
457,995004384,0
458,558858588,0
459,992779819,0
460,241165558,0
461,886886679,0
462,1190000851,0
463,1605036393,0
464,1433388842,0
465,1655952846,0
466,1520796907,0
467,1522501260,0
468,1937047160,0
469,1247773570,0
470,1798976331,0
471,404857830,0
472,418093378,0
473,1706737941,0
474,1159960476,0
475,456785633,0
476,39428548,0
477,1964826099,0
478,792799973,0
479,1661043073,0
480,46965764,0
481,27959871,0
482,1955180091,0
483,170499336,0
484,9619391,0
485,62691537,0
486,175296606,0
487,1414918635,0
488,1335071511,0
489,1844209242,0
490,1748271382,0
491,1544448217,0
492,1554377804,0
493,931748546,1
494,1192622542,0
495,698218777,0
496,2029406093,0
497,1418442769,0
498,1053674438,0
499,1450625253,0
500,327799392,0
501,420518519,0
502,977001379,0
503,1955952289,0
504,1857722893,0
505,1006543366,0
506,322492614,0
507,2097696178,0
508,1797914888,0
509,1798738535,0
510,811660606,0
511,663531531,0
512,828739319,0
513,1040561792,0
514,571122526,0
515,1577961288,0
516,792041321,0
517,1480295519,0
518,364351939,0
519,867923492,0
520,1952440437,0
521,1242681972,0
522,1331875136,0
523,764907107,0
524,70818487,0
525,398960692,0
526,1640545428,0
527,363647048,0
528,755627370,0
529,987689804,0
530,624528242,0
531,937345762,0
532,1317534181,0
533,661947596,0
534,1696719936,0
535,533451362,0
536,752222016,0
537,394374511,0
538,110204312,0
539,2006766910,0
540,209824497,0
541,1761671018,0
542,978568551,0
543,1830733889,0
544,1181010671,0
545,1052483245,0
546,1042134082,0
547,1644151579,0
548,2012912552,0
549,1465371939,0
550,2126506358,0
551,1210824120,0
552,861860660,0
553,892109682,0
554,1651034978,0
555,22058742,0
556,510185546,0
557,2128666734,0
558,907768299,0
559,1978979504,0
560,1042018422,0
561,1966260946,0
562,789172685,0
563,1864158740,0
564,620623000,0
565,1123165651,0
566,665233858,0
567,1424147482,0
568,40359970,0
569,1220601104,0
570,1580265433,0
571,794375387,0
572,1688129116,0
573,1940630746,0
574,130797418,0
575,2064683059,0
576,1862133185,0
577,1511385502,0
578,818448313,0
579,700755569,0
580,1627800603,0
581,1430967756,0
582,1718942688,0
583,2099321596,0
584,369204639,0
585,2056510621,0
586,1226933096,0
587,1935643917,0
588,828474658,0
589,875221816,1
590,739747561,0
591,588250345,0
592,1116898217,0
593,1019726400,0
594,971752277,0
595,1216710325,0
596,714188725,0
597,1825960142,0
598,121485772,0
599,119705094,0
600,1479201429,0
601,393732312,0
602,443409696,0
603,1701182557,0
604,919063843,0
605,346144496,0
606,1607772894,0
607,1001249941,0
608,1598672679,0
609,1732493251,0
610,798137525,0
611,7985936,0
612,605535980,0
613,1955905957,0
614,1833101442,0
615,968085531,0
616,1002487546,0
617,1945749160,0
618,1895624885,0
619,1092379431,0
620,442481400,0
621,1788075477,0
622,446079308,0
623,844289611,0
624,570086237,0
625,1640085452,0
626,2038983203,0
627,448509532,0
628,974752205,0
629,312791161,0
630,314680363,0
631,106205335,0
632,1806674925,0
633,276299848,0
634,1386699319,0
635,802556946,0
636,1767140621,0
637,1379012116,0
638,1950172128,0
639,1391710829,0
640,620017984,0
641,1272108238,0
642,1237705890,0
643,1746335486,0
644,1225509903,0
645,1345900924,1
646,17342828,0
647,1872666361,0
648,1079501456,0
649,1269011621,0
650,1306236833,0
651,795145307,0
652,1108450219,0
653,118724384,0
654,1124760167,0
655,127696065,0
656,1005873165,0
657,431717668,0
658,1983770159,0
659,673090928,0
660,1866372553,0
661,2085919173,0
662,1777317763,0
663,1128568232,0
664,648018538,0
665,651325176,1
666,60719565,0
667,489990657,0
668,1642563980,0
669,1805996045,0
670,2112930756,0
671,1657723823,0
672,934206449,0
673,1061460194,0
674,1011209902,0
675,258732720,0
676,1441575807,0
677,602908823,0
678,1868484227,0
679,58835684,0
680,1466215728,0
681,579733703,0
682,1150872051,0
683,572306098,0
684,1167782150,0
685,1464041547,0
686,1137826560,0
687,855305664,0
688,1104996893,0
689,2115145960,0
690,1030281188,0
691,1434377951,0
692,1928255483,0
693,1028485567,0
694,93057112,0
695,1751751071,0
696,286911495,0
697,329564703,0
698,1288429328,0
699,1410253556,0
700,334163430,1
701,1616305172,0
702,1231659267,0
703,1134595289,0
704,1992762021,0
705,579378298,0
706,1119660945,0
707,1900848598,0
708,918720455,0
709,1394509405,0
710,1831182667,0
711,1676318784,0
712,924462723,0
713,41419320,0
714,364731527,0
715,1063536219,0
716,1087824683,0
717,898144358,0
718,1872071872,0
719,414492916,0
720,291479220,0
721,779993672,0
722,1620364605,0
723,737408181,0
724,1575539345,0
725,105088571,0
726,120557369,0
727,1268352787,0
728,707301041,0
729,1537013454,0
730,226659977,0
731,751090807,0
732,1125493894,0
733,1234417295,0
734,1456729180,0
735,1112256898,0
736,997163404,0
737,1694941462,0
738,1097311886,0
739,575242264,0
740,1927738459,0
741,1749324145,0
742,538023429,0
743,1848751832,0
744,1976333474,0
745,1929633798,0
746,1698358210,0
747,394709203,0
748,1650474408,1
749,36149818,0
750,1357936193,0
751,354678098,0
752,904167449,0
753,1378611550,0
754,926678614,0
755,1375159495,0
756,896634883,0
757,1529400782,0
758,1071316033,0
759,466396029,0
760,23091220,0
761,232310069,0
762,768137940,0
763,1315694353,0
764,1546111181,0
765,1725882699,0
766,469010319,0
767,1181200064,0
768,2001731230,0
769,1601031822,0
770,457392352,0
771,843389354,0
772,135433226,0
773,994611240,0
774,1765785663,0
775,539550549,1
776,746114679,0
777,1083762924,0
778,937029507,0
779,1521076169,0
780,1699394723,0
781,1711506430,0
782,1669834395,0
783,58294498,1
784,1211350148,0
785,758068177,0
786,1375608790,0
787,960357119,0
788,194563596,0
789,1583457669,0
790,267779442,0
791,1039648651,0
792,1371732425,0
793,1201994226,0
794,1445581071,0
795,866096847,0
796,1411505075,0
797,1388301943,0
798,463702580,0
799,1020428577,0
800,783781522,0
801,10211142,0
802,221497449,0
803,1976947016,0
804,1916572622,0
805,1934474902,0
806,268475434,0
807,805952887,0
808,849068705,0
809,2063969551,0
810,2035466661,0
811,1960819653,0
812,1338108854,0
813,445369090,0
814,1698296579,1
815,2079053824,0
816,597414548,0
817,896439789,0
818,937130952,0
819,560594758,0
820,994159217,0
821,2054092717,0
822,911145363,0
823,1414905083,0
824,1790907084,0
825,250214525,0
826,2113375440,0
827,1427628119,0
828,528128982,0
829,633974385,0
830,1057351047,0
831,1577899052,0
832,1591576539,0
833,7325060,0
834,798469213,0
835,1089570929,0
836,339560941,0
837,1886176369,0
838,1559864907,0
839,304957578,0
840,1795724891,1
841,1198150418,0
842,1141297382,0
843,913029883,0
844,966835914,0
845,1604169580,0
846,1025297443,0
847,749809410,0
848,1890619676,0
849,1309080011,0
850,1568705916,0
851,618957799,0
852,1218288885,0
853,1869710602,0
854,1344123614,0
855,139520147,0
856,1476717161,0
857,415417124,0
858,1458883919,0
859,613080847,0
860,1661720423,0
861,1754404920,0
862,1592111395,0
863,1773781634,0
864,1605344117,0
865,523283065,0
866,224768716,0
867,953005382,0
868,2040833714,0
869,1262343816,0
870,942335190,0
871,705034963,0
872,598837457,0
873,937999437,0
874,269571914,0
875,878179506,0
876,247459352,0
877,50959156,0
878,1734850464,0
879,217420571,0
880,902603118,0
881,4426710,0
882,1265795684,0
883,336243974,0
884,1154210643,0
885,338726648,0
886,144886159,0
887,1314167567,0
888,807921668,0
889,1174002591,1
890,1834612429,0
891,1100012882,0
892,1242667084,1
893,296389328,0
894,1348975857,0
895,685878101,0
896,441777116,0
897,1401864773,0
898,312659481,0
899,21995908,0
900,2046012600,0
901,1788776634,0
902,1798964717,0
903,90504987,0
904,1264901510,0
905,1109630987,0
906,95467410,0
907,1415629965,0
908,2022022468,0
909,1451747431,0
910,2025868691,0
911,124819813,0
912,1932621692,0
913,511687640,0
914,519487366,0
915,164744691,0
916,1584785597,0
917,1644154970,0
918,2068700648,0
919,569098603,0
920,445547166,0
921,217612546,0
922,73575594,0
923,100652130,0
924,361415216,0
925,760054132,0
926,126411561,0
927,491307716,0
928,1214070503,0
929,389988104,0
930,1695787365,0
931,423477481,0
932,1072403830,0
933,1781456338,0
934,799056577,0
935,359302396,0
936,1169023198,0
937,2008020798,0
938,1993602924,0
939,1963108661,0
940,178054341,0
941,1243338003,0
942,249687225,0
943,419608807,0
944,1565890592,0
945,594584678,0
946,1673967329,0
947,1323547670,0
948,1412701177,0
949,50442657,0
950,355454949,0
951,2061770583,0
952,166849257,0
953,532011209,0
954,681719921,0
955,1478643498,0
956,1265061271,0
957,1624035899,0
958,1175958379,0
959,823871936,0
960,59961716,0
961,908642627,0
962,1898493767,0
963,1464253682,0
964,40951828,0
965,485590347,0
966,359180158,0
967,112244582,0
968,2022402,0
969,1001366150,0
970,401669836,0
971,830846653,0
972,1584917176,0
973,624342383,0
974,971000166,1
975,271360484,0
976,252296100,0
977,1741666874,0
978,2084753764,0
979,1994559103,0
980,1961159326,0
981,1836170445,0
982,984925051,0
983,886830013,0
984,1416727209,0
985,2028455214,0
986,679387331,0
987,54065925,0
988,486775831,0
989,1015417784,0
990,785660081,0
991,1305181212,0
992,1883532528,0
993,1544718282,0
994,961736747,0
995,203279355,0
996,1286627740,0
997,293927500,0
998,373530757,0
999,1013297727,0
1000,1367444520,0
1001,822069732,0
1002,1191680388,0
1003,1769958387,0
1004,1188471485,0
1005,541519633,0
1006,1755573747,0
1007,707328200,0
1008,1995632691,0
1009,1078706346,0
1010,1200798465,0
1011,51240912,0
1012,616156128,0
1013,1969274833,0
1014,983749999,0
1015,778279512,0
1016,582593238,0
1017,1881788951,0
1018,720550262,0
1019,2100069644,0
1020,1976746640,0
1021,1061411034,0
1022,1655691306,0
1023,596232740,0
1024,1128377880,0
1025,640052270,0
1026,1531883799,0
1027,725520119,0
1028,448445553,0
1029,180529976,1
1030,656227823,0
1031,1310390640,0
1032,2101142018,0
1033,1422490625,0
1034,282126130,0
1035,444717472,0
1036,937748804,1
1037,1270064766,0
1038,391032498,0
1039,1909425350,0
1040,1779095065,0
1041,1494744925,0
1042,2028839874,0
1043,1541442988,0
1044,1979564401,0
1045,1463677094,0
1046,649827968,0
1047,840033904,0
1048,1990119556,0
1049,326420514,0
1050,1858386770,0
1051,215009825,0
1052,1962068749,0
1053,710639845,0
1054,262404897,0
1055,1480572446,0
1056,1761667800,0
1057,1639242573,0
1058,632211634,0
1059,1576312347,0
1060,2035986776,0
1061,784196328,0
1062,169576517,0
1063,1062071769,0
1064,794347132,0
1065,207943820,0
1066,1110954613,0
1067,1222956619,0
1068,1677906244,0
1069,855607135,0
1070,1065881638,0
1071,1618076990,0
1072,2023875823,0
1073,646749230,0
1074,1138886760,0
1075,159209222,0
1076,487239901,0
1077,1112050025,0
1078,1915067763,0
1079,1465443418,0
1080,1000976460,0
1081,376109701,0
1082,74438379,0
1083,1801977191,0
1084,1516068291,0
1085,306286182,0
1086,223540671,0
1087,1343542823,0
1088,831161309,0
1089,578411861,0
1090,609270488,0
1091,1092006900,0
1092,406576915,0
1093,2000328356,0
1094,1519085365,0
1095,1339141797,0
1096,1965145061,0
1097,372614870,0
1098,1951388211,0
1099,1996816527,0
1100,6539557,0
1101,1613545397,0
1102,1044232111,0
1103,1103489919,0
1104,1073516448,0
1105,372999976,0
1106,1714465686,0
1107,666281695,0
1108,2036790292,0
1109,489725254,0
1110,875672137,0
1111,415879194,0
1112,1457763042,0
1113,1387785655,0
1114,29603648,0
1115,1627025752,0
1116,486097475,0
1117,1975162720,0
1118,1039790936,0
1119,1158083447,0
1120,821172829,0
1121,3523390,0
1122,475839311,0
1123,1748819426,0
1124,70510513,0
1125,120375283,0
1126,1147060353,0
1127,1553110567,0
1128,1622407138,0
1129,34012064,0
1130,2029975219,0
1131,320959179,0
1132,479854303,0
1133,197706041,0
1134,1785175460,0
1135,348960927,0
1136,373410183,0
1137,241630611,0
1138,1531434002,0
1139,1291985963,0
1140,597076935,0
1141,102945710,0
1142,738899268,0
1143,69968590,0
1144,2072953042,0
1145,25164734,0
1146,1462618376,0
1147,49697343,0
1148,169600473,0
1149,861592840,0
1150,485472608,0
1151,2097937905,0
1152,1334818842,0
1153,96049211,0
1154,391042777,0
1155,234673040,0
1156,1916702576,0
1157,2057155201,0
1158,831162584,0
1159,232912047,0
1160,1274027219,0
1161,1301408227,0
1162,1647275282,0
1163,1574133052,0
1164,146726878,0
1165,1375391650,0
1166,1008261578,0
1167,2120268106,0
1168,978026656,1
1169,1237818166,0
1170,2008480040,0
1171,1814427525,0
1172,353162252,0
1173,1836888002,0
1174,918062171,0
1175,112109335,1
1176,2097911068,0
1177,114931007,0
1178,864399696,0
1179,1665836851,0
1180,1880793076,0
1181,1339402788,0
1182,1437502525,0
1183,520136466,0
1184,1742769679,0
1185,453488658,0
1186,705065389,0
1187,1193079630,0
1188,984356326,0
1189,1614989578,0
1190,1558029094,0
1191,1860805139,0
1192,940602753,0
1193,1566517761,0
1194,283083527,0
1195,1943233284,0
1196,966054768,0
1197,233290632,0
1198,1291843419,0
1199,721733597,0
1200,1331085297,0
1201,509514163,0
1202,1815066139,0
1203,2112287991,0
1204,1289155485,0
1205,1371003709,0
1206,802988545,0
1207,1836021710,0
1208,547674645,0
1209,566487212,0
1210,1459140085,0
1211,351150000,0
1212,1021089170,0
1213,1648855342,0
1214,730046976,0
1215,1649341102,0
1216,357262275,0
1217,304461700,0
1218,1419597705,0
1219,698851938,0
1220,1852562181,0
1221,1327431264,0
1222,1318437556,0
1223,1267650229,0
1224,349805213,0
1225,341883823,0
1226,1196940255,0
1227,918849995,0
1228,435596731,0
1229,56939938,0
1230,2100952860,0
1231,593884147,0
1232,1217582893,0
1233,870155576,0
1234,1849408294,0
1235,128692495,0
1236,1875904239,0
1237,490771327,0
1238,1819444918,0
1239,817928003,0
1240,2100534346,0
1241,1239724510,0
1242,1347016770,0
1243,1850701477,0
1244,1538579441,0
1245,1202070694,0
1246,1491711786,0
1247,1753217984,0
1248,1869082541,0
1249,8756424,0
1250,1813022887,0
1251,267705460,0
1252,1797390066,0
1253,2112138458,0
1254,2049606664,0
1255,1659482714,0
1256,775678253,0
1257,1888007068,0
1258,1311147218,0
1259,78682355,0
1260,692292521,0
1261,1613419730,0
1262,192024416,0
1263,972151824,0
1264,292316861,1
1265,1077402734,0
1266,773930139,0
1267,1925369356,0
1268,1010931358,0
1269,658127122,0
1270,2113962061,0
1271,1231872567,0
1272,289775328,0
1273,749457805,0
1274,690669850,0
1275,381090052,0
1276,2018209944,0
1277,416029466,0
1278,1010360457,0
1279,97573144,0
1280,1858775314,0
1281,273976320,0
1282,1891940833,0
1283,1469419503,0
1284,1226519615,0
1285,760412325,0
1286,1725089719,0
1287,1979903542,0
1288,1842448844,0
1289,675844584,0
1290,212582239,0
1291,1788028271,0
1292,174389819,0
1293,271557732,0
1294,1696197854,0
1295,1601957134,0
1296,1714354728,0
1297,1841025547,0
1298,854083256,0
1299,125346107,0
1300,406713569,0
1301,488950879,0
1302,511942548,0
1303,386959315,0
1304,1999344828,0
1305,1308671102,0
1306,1868351949,1
1307,480823261,0
1308,962589557,0
1309,732300693,0
1310,1787274698,0
1311,1857677138,0
1312,2089601149,0
1313,934492284,0
1314,1936508815,0
1315,111116789,0
1316,1583002658,0
1317,453899385,0
1318,2146273948,0
1319,1815604864,0
1320,1827653575,0
1321,1442294708,0
1322,1509464244,0
1323,727225438,0
1324,1284698163,0
1325,743832036,0
1326,1964375229,0
1327,1243215642,0
1328,832173405,0
1329,1608776186,0
1330,1981722913,0
1331,2102134544,0
1332,632149762,0
1333,2038286072,0
1334,1695607625,0
1335,1096274436,1
1336,357554625,0
1337,1296574761,0
1338,1319022010,0
1339,735033545,0
1340,664452943,0
1341,538684398,0
1342,967430212,0
1343,765388003,0
1344,217194359,0
1345,532679245,0
1346,816898356,0
1347,565155283,0
1348,1801367365,0
1349,498908690,0
1350,1676390771,0
1351,1234345597,0
1352,106283886,0
1353,733844305,0
1354,916511183,0
1355,1195045718,0
1356,1391770687,0
1357,1129301910,0
1358,1609366858,0
1359,864790203,0
1360,1627635170,0
1361,1088340151,0
1362,713357410,0
1363,185574998,0
1364,1148578283,0
1365,953690594,0
1366,544134725,0
1367,850107844,0
1368,232780258,0
1369,1951241854,0
1370,906865453,0
1371,1787798442,0
1372,1083958586,0
1373,1184878700,0
1374,468630309,0
1375,949081330,0
1376,1968086688,0
1377,1817882307,0
1378,1282328441,0
1379,51496532,0
1380,282983016,0
1381,1044155544,0
1382,154435631,0
1383,10637902,0
1384,1923065716,0
1385,517925076,0
1386,70705513,0
1387,626587835,0
1388,470144760,0
1389,202826932,0
1390,536986659,0
1391,1152561908,0
1392,1480252197,0
1393,2109058250,0
1394,193831117,0
1395,719036459,0
1396,1027308439,0
1397,226838597,0
1398,504625422,0
1399,611176245,0
1400,138397182,0
1401,1831853591,0
1402,252968925,0
1403,1105106857,0
1404,389256078,0
1405,1570939289,0
1406,646981730,0
1407,739878052,0
1408,826641323,0
1409,303011133,0
1410,902400473,0
1411,1552389543,0
1412,847563330,0
1413,537522574,0
1414,603765940,0
1415,1316524013,0
1416,1883095614,0
1417,1671529349,0
1418,2061209106,0
1419,715712499,0
1420,482534352,0
1421,871993189,0
1422,1019267059,0
1423,872865153,0
1424,651509706,0
1425,1977589945,0
1426,1532994220,0
1427,486375924,0
1428,1780713174,0
1429,213592869,0
1430,154176624,0
1431,2074033674,0
1432,1668271183,0
1433,1528931833,0
1434,1764718346,0
1435,755327491,0
1436,22075725,0
1437,1795851727,0
1438,86475263,0
1439,626365211,0
1440,1663616383,0
1441,323480405,0
1442,847831014,0
1443,503034259,0
1444,1214315105,0
1445,451335231,0
1446,731309082,0
1447,2074514735,0
1448,1159245973,0
1449,169368806,0
1450,1467660097,0
1451,1083145884,0
1452,1254537902,0
1453,1903201585,0
1454,81312472,0
1455,1902508861,0
1456,601542840,0
1457,908689550,0
1458,1998298816,0
1459,336903458,0
1460,453987607,0
1461,484571674,0
1462,2071476790,0
1463,1495186537,0
1464,264448301,0
1465,1420877177,0
1466,1445785551,0
1467,176725525,0
1468,1986644383,0
1469,1000153020,0
1470,988020586,0
1471,1831642052,0
1472,1055439404,0
1473,1645087385,0
1474,1824584255,0
1475,555220184,0
1476,1880015334,0
1477,1258242848,0
1478,78824720,0
1479,545780875,0
1480,1045295047,0
1481,1532148383,0
1482,1864820305,0
1483,607755324,0
1484,1745599353,0
1485,2106447030,0
1486,916196297,0
1487,457069616,0
1488,1561104686,0
1489,1990955129,0
1490,1349616999,0
1491,843595580,0
1492,203464272,0
1493,918215161,0
1494,534962558,0
1495,2040263210,0
1496,1749593584,0
1497,939755988,0
1498,1643448243,0
1499,1737096834,0
1500,1777857687,0
1501,1828396803,0
1502,1446519432,1
1503,404530030,0
1504,549106127,0
1505,1674834554,0
1506,236712001,0
1507,340712794,0
1508,771003657,0
1509,538311115,0
1510,175756282,0
1511,1834563291,0
1512,1676604125,0
1513,1246035929,0
1514,1384295014,0
1515,253678103,0
1516,1108809187,0
1517,2036647823,0
1518,994239452,0
1519,935373008,0
1520,1874968794,0
1521,804451128,0
1522,1599813047,0
1523,1876488418,0
1524,471454652,0
1525,1689368853,0
1526,1506332158,0
1527,529281978,0
1528,1050127328,0
1529,1847457044,0
1530,1752478886,0
1531,1921377258,0
1532,1223419211,0
1533,1214511281,0
1534,219606204,0
1535,670611959,0
1536,1537140035,0
1537,1764145938,0
1538,760926755,0
1539,1224272963,0
1540,744977076,1
1541,1326694989,0
1542,226910894,0
1543,1880613006,0
1544,940890168,0
1545,457427103,0
1546,1103477192,0
1547,1554037431,0
1548,1556065772,0
1549,1390203541,0
1550,1395253334,0
1551,1526771630,0
1552,463265485,0
1553,1207076136,0
1554,575118306,0
1555,2146866138,0
1556,1985198987,0
1557,1040130253,0
1558,1271722141,0
1559,885841371,0
1560,1950729658,0
1561,100609959,0
1562,573222233,0
1563,288804355,1
1564,105755962,1
1565,1722063684,0
1566,237949443,1
1567,1420318953,0
1568,319775267,0
1569,213829702,0
1570,821689247,0
1571,1720815379,0
1572,2135000059,0
1573,728656823,0
1574,347262211,0
1575,310683440,0
1576,1903139912,0
1577,2008538548,0
1578,1711160891,0
1579,1995805322,0
1580,160207816,0
1581,496029837,0
1582,881957122,0
1583,779999988,0
1584,1308349173,0
1585,140339256,0
1586,1354752929,0
1587,706399297,0
1588,469608662,0
1589,747874431,0
1590,285860040,0
1591,662421767,0
1592,1630770040,0
1593,292671418,0
1594,199028856,0
1595,1815735156,0
1596,652125547,1
1597,1676915533,0
1598,1532147005,0
1599,4175033,0
1600,1602214903,0
1601,1060088769,0
1602,1655351635,0
1603,1530569083,0
1604,1092995089,1
1605,2131423703,0
1606,1049537025,0
1607,1129113621,0
1608,533964799,0
1609,1884206825,0
1610,205771568,0
1611,690667637,0
1612,861647652,1
1613,1324457316,0
1614,1948337151,0
1615,854775417,0
1616,412574250,0
1617,1913430783,0
1618,1787659610,0
1619,1478449034,0
1620,657450080,0
1621,1303378427,0
1622,1399044504,0
1623,30924221,0
1624,1550959228,0
1625,564177830,0
1626,140115428,0
1627,2009220262,0
1628,746308355,0
1629,840431897,0
1630,1821031386,0
1631,1932830492,0
1632,2049697338,0
1633,147894670,0
1634,1581876922,0
1635,29359817,0
1636,214280016,0
1637,577925482,0
1638,369658774,0
1639,2033190640,0
1640,1419307359,0
1641,221250026,0
1642,65123638,0
1643,679589829,0
1644,1775893673,0
1645,239048982,0
1646,1014993743,0
1647,247380232,0
1648,1825017059,0
1649,545260023,0
1650,286039450,0
1651,1330596101,0
1652,47636792,0
1653,1095209384,0
1654,1379440069,0
1655,283424612,0
1656,1805168262,0
1657,1587475560,0
1658,684393815,0
1659,1614499286,0
1660,253154249,0
1661,911341006,0
1662,598034649,0
1663,1791003152,0
1664,108718059,0
1665,822148123,0
1666,1295439064,0
1667,1549655311,0
1668,548159246,0
1669,1878829873,0
1670,1000326859,0
1671,239070309,0
1672,784184232,0
1673,989233155,0
1674,1223817253,0
1675,1969743980,0
1676,1327668568,0
1677,853695965,0
1678,1434305631,0
1679,242865677,0
1680,2122748954,1
1681,447536857,0
1682,2078516432,0
1683,407933022,0
1684,1697751156,0
1685,1013164093,0
1686,994814952,0
1687,1346629358,0
1688,1775528599,0
1689,613724009,0
1690,100711445,0
1691,1832917801,0
1692,2053081779,0
1693,313714687,0
1694,52343850,0
1695,1127988874,1
1696,1944056656,0
1697,1130897039,0
1698,17098670,0
1699,535737141,0
1700,1978968947,1
1701,726056223,0
1702,349826632,0
1703,1694460110,0
1704,1105193445,0
1705,706863672,0
1706,628642547,0
1707,406559833,0
1708,1203144185,0
1709,356427506,0
1710,1037944042,0
1711,1559220844,1
1712,2135681475,0
1713,2044506530,0
1714,136759710,0
1715,1949029374,0
1716,680334649,0
1717,384950712,0
1718,108985449,0
1719,392741017,0
1720,2039697016,0
1721,1984288379,0
1722,1428006079,0
1723,1367254298,0
1724,1303435422,0
1725,1860340939,0
1726,8958605,0
1727,1939996763,0
1728,237414290,0
1729,1475780962,0
1730,870572088,0
1731,365540082,0
1732,138411816,0
1733,910087733,0
1734,2041631397,0
1735,1205064283,0
1736,1900529170,0
1737,313587558,0
1738,990493744,0
1739,1757361045,0
1740,1443253619,1
1741,592552920,0
1742,547260369,0
1743,1854848476,0
1744,748213919,0
1745,1306564521,0
1746,86254872,0
1747,790676938,0
1748,1469208873,0
1749,1931979602,0
1750,896786221,0
1751,745128680,0
1752,499487625,0
1753,2132906936,0
1754,750305363,0
1755,788655894,0
1756,1623909876,0
1757,957607085,0
1758,667521940,0
1759,1747936882,0
1760,2140594684,0
1761,287608592,0
1762,1559307417,0
1763,100325230,0
1764,855818735,1
1765,1968685161,0
1766,514575364,0
1767,357950060,0
1768,76715116,0
1769,183073675,0
1770,1474874275,0
1771,1077400081,0
1772,594238958,0
1773,1397264556,0
1774,2085609405,0
1775,1753912720,0
1776,575918898,0
1777,790084623,0
1778,489739715,0
1779,514188068,0
1780,618954816,0
1781,233909299,0
1782,45847057,0
1783,1353175769,0
1784,638066802,0
1785,1307352546,0
1786,20569681,0
1787,1242823431,0
1788,1948757999,0
1789,1898832731,0
1790,558947640,0
1791,1034198957,0
1792,1475077038,0
1793,2041156156,0
1794,673096321,0
1795,97430231,0
1796,807655269,0
1797,259228482,0
1798,137724061,0
1799,1095479385,0
1800,200928373,0
1801,985969833,0
1802,1247336237,0
1803,9368224,0
1804,1306503717,0
1805,566160265,0
1806,1950200147,0
1807,1796455013,0
1808,846243384,0
1809,741460762,0
1810,1588644412,0
1811,522354751,0
1812,2050875339,0
1813,1077670247,0
1814,1635444162,0
1815,517068731,0
1816,512218030,0
1817,1013762196,0
1818,1936368749,0
1819,781562001,0
1820,1340059490,0
1821,1365147377,0
1822,1304491710,0
1823,1240051393,0
1824,1006668268,0
1825,2029564337,0
1826,534115850,0
1827,1628799394,1
1828,1109520468,0
1829,1692668380,0
1830,944481532,0
1831,310572369,0
1832,998431001,0
1833,372934300,0
1834,578612676,0
1835,1710468562,0
1836,1858046657,0
1837,973005740,0
1838,520535794,0
1839,2023622326,0
1840,2138812163,0
1841,14975919,0
1842,797952078,0
1843,1556199733,0
1844,1948825949,0
1845,1235729427,0
1846,1452982962,0
1847,681469140,0
1848,906945821,0
1849,1732749980,0
1850,1356390276,0
1851,648057999,0
1852,652572701,0
1853,888058626,0
1854,403933642,0
1855,756799658,0
1856,41065640,0
1857,866532412,1
1858,1909542446,0
1859,168330652,0
1860,1753780825,0
1861,452908737,0
1862,602311547,0
1863,1874060707,0
1864,2042660190,0
1865,2100090629,0
1866,1104188669,0
1867,721453565,0
1868,1102639220,0
1869,1067970264,0
1870,691201281,0
1871,633836433,0
1872,284087745,0
1873,1643496124,0
1874,334615505,0
1875,1817615064,0
1876,1556433152,0
1877,622202767,0
1878,1378717660,0
1879,1279843653,0
1880,1801618700,0
1881,1617605867,0
1882,954567723,0
1883,36400371,0
1884,1137625979,0
1885,757056206,0
1886,1808069653,0
1887,1713342938,0
1888,1553239601,0
1889,1912124510,0
1890,250935633,0
1891,1010623351,0
1892,671608807,1
1893,1405191064,0
1894,524415706,0
1895,892531720,0
1896,919569152,0
1897,1526455704,0
1898,2061384145,0
1899,653697426,0
1900,542558339,0
1901,803649939,0
1902,1885980024,0
1903,396551498,0
1904,827099381,0
1905,1023802618,0
1906,981957604,0
1907,1071202072,0
1908,81127256,0
1909,183367832,0
1910,1709371245,0
1911,1596978324,0
1912,971615139,0
1913,1791606754,0
1914,308981666,0
1915,355174065,0
1916,602047079,0
1917,862755406,1
1918,631502366,0
1919,1994245546,0
1920,1672267150,0
1921,2116930981,0
1922,284948043,0
1923,657229872,0
1924,2109772746,0
1925,1709503509,0
1926,367490496,0
1927,793029535,0
1928,2118955462,0
1929,1606859941,0
1930,147653162,0
1931,1672674678,0
1932,33276794,0
1933,2072963353,0
1934,1312730941,0
1935,1224729497,0
1936,1476431501,0
1937,546229642,0
1938,1878668303,0
1939,2142208113,0
1940,1301452086,0
1941,175057344,0
1942,1579926455,0
1943,615114407,0
1944,422024474,0
1945,18612194,0
1946,1005360488,0
1947,1688591360,0
1948,997386760,0
1949,999750313,0
1950,1027937689,0
1951,1226735939,0
1952,330862748,0
1953,1445104958,0
1954,1919612866,0
1955,613074478,0
1956,1171049885,0
1957,1684642625,0
1958,62008363,0
1959,1836706077,0
1960,624229120,0
1961,1601279382,0
1962,1789166705,0
1963,926594970,0
1964,279546832,0
1965,1084590393,0
1966,315984086,0
1967,1618108536,0
1968,675119126,0
1969,823769597,0
1970,2017588341,0
1971,944360731,0
1972,326934810,0
1973,86610774,0
1974,1074062928,0
1975,1935267962,0
1976,1851252889,0
1977,1135040508,0
1978,778535375,0
1979,397585659,0
1980,367914259,0
1981,1864355517,0
1982,1114217821,0
1983,297242869,0
1984,1360438902,0
1985,545452701,0
1986,614709437,0
1987,1304633392,0
1988,549731024,0
1989,1171440987,0
1990,484362480,0
1991,808165704,0
1992,1284726179,0
1993,1412668197,0
1994,143560552,0
1995,574203948,0
1996,1794703128,0
1997,685098590,0
1998,71781071,0
1999,1879510671,0
2000,344467949,0
2001,87396508,0
2002,699000488,0
2003,587835642,0
2004,1354426759,0
2005,777027791,0
2006,1126948288,0
2007,1657532090,0
2008,1908576472,0
2009,608029158,0
2010,515154659,0
2011,1670303398,0
2012,310100438,0
2013,90216132,0
2014,589889038,0
2015,467334247,0
2016,643953637,0
2017,1904527673,0
2018,1823116022,0
2019,1533132835,0
2020,1179949788,0
2021,1963513284,0
2022,1423809375,0
2023,1393223477,0
2024,578334623,0
2025,949856774,0
2026,1104798321,0
2027,264347989,0
2028,1510839675,0
2029,1342305884,0
2030,1121286331,0
2031,1509484253,0
2032,898033233,0
2033,1171894395,0
2034,954389646,0
2035,1287310310,0
2036,803142637,0
2037,1125902108,0
2038,1855563890,0
2039,1639288513,0
2040,999786440,0
2041,63936164,0
2042,513853364,0
2043,737023516,0
2044,344883265,0
2045,1961211941,1
2046,1997711979,0
2047,1756344171,0
2048,664837381,0
2049,374794991,0
2050,1208533993,0
2051,1397857954,0
2052,647994878,0
2053,1656478825,0
2054,545957852,0
2055,1090515257,0
2056,1655873266,0
2057,1932051365,0
2058,1944492870,0
2059,1549846491,0
2060,1127712404,0
2061,1025421972,0
2062,232902097,0
2063,302324212,0
2064,38062446,0
2065,2040183751,0
2066,455263862,0
2067,1923997219,0
2068,446321296,0
2069,1492456550,0
2070,2081932634,0
2071,1825430952,0
2072,288458061,0
2073,648843446,0
2074,1739360987,0
2075,403672057,0
2076,1628351678,0
2077,1689194659,0
2078,2095767679,0
2079,2033030009,0
2080,1296337489,0
2081,1542686646,0
2082,950074008,0
2083,1664453259,0
2084,1835975582,0
2085,249816936,0
2086,1361164844,0
2087,1913713960,0
2088,26731396,0
2089,1216136740,0
2090,1619382852,0
2091,1679034536,0
2092,1055895607,0
2093,1182254660,0
2094,1122889406,0
2095,1044860202,0
2096,778158808,0
2097,500354528,0
2098,617335810,0
2099,1098445705,0
2100,533967112,0
2101,416852257,0
2102,393447032,0
2103,1275776700,0
2104,1990622012,0
2105,996138968,0
2106,2015873438,0
2107,1225760543,0
2108,672041535,0
2109,1550886125,0
2110,1239672681,0
2111,1930145257,0
2112,2028333893,0
2113,122408403,0
2114,156629162,1
2115,1052587274,0
2116,714449257,0
2117,2005652167,0
2118,171094370,0
2119,2060392626,0
2120,666935695,0
2121,1641463626,0
2122,1842871339,0
2123,8763005,0
2124,1466143875,0
2125,7990148,1
2126,964992651,0
2127,1799618703,0
2128,1208258527,0
2129,2105462219,0
2130,828354593,0
2131,1501352258,0
2132,427153849,0
2133,1126221427,0
2134,1074648739,0
2135,2076238388,0
2136,2059737175,0
2137,681371992,0
2138,938905777,0
2139,136367966,0
2140,1560957715,0
2141,1059381406,0
2142,1315230898,0
2143,1921881302,0
2144,1625659684,0
2145,1396636112,0
2146,752149857,0
2147,174078429,0
2148,897166495,0
2149,1761295803,0
2150,28351650,0
2151,408602303,0
2152,1332460167,0
2153,1696049868,0
2154,1779683305,0
2155,308996133,0
2156,311811979,0
2157,1811592968,0
2158,973629230,0
2159,1853384297,0
2160,1728927320,0
2161,632870484,0
2162,1504231489,0
2163,1032962020,0
2164,392023898,0
2165,255327415,0
2166,2016610954,0
2167,1068728934,0
2168,404983308,0
2169,568043633,0
2170,1077847615,0
2171,1165985128,0
2172,847908903,0
2173,312511472,0
2174,1626599139,0
2175,358000827,0
2176,129337391,0
2177,1853136726,0
2178,1426561061,0
2179,779936570,0
2180,991805205,0
2181,774088207,0
2182,634896862,0
2183,1524466530,0
2184,1302911865,0
2185,1836775201,0
2186,144093243,0
2187,804620141,0
2188,205309306,0
2189,1596128593,0
2190,1295943639,0
2191,1926928869,0
2192,1187349894,0
2193,1035896652,0
2194,1764425029,0
2195,2095952952,0
2196,1337632053,1
2197,1264515884,0
2198,2116348202,0
2199,1523027986,0
2200,1501361022,0
2201,2066674755,0
2202,2087771364,0
2203,607189669,0
2204,1565522129,0
2205,106667805,0
2206,1433015367,0
2207,1571803399,0
2208,2073144089,0
2209,931245650,0
2210,1029743206,0
2211,1823993457,0
2212,486390568,0
2213,1714337390,0
2214,1222426435,0
2215,1845339925,0
2216,311340632,0
2217,1348439872,0
2218,1141373561,0
2219,2031258495,0
2220,882780870,0
2221,2076085488,0
2222,1270061759,0
2223,209512887,0
2224,406105097,0
2225,2138488602,1
2226,1122824514,0
2227,1509347945,0
2228,103659680,0
2229,1086765781,0
2230,513507483,0
2231,955511669,0
2232,1271714307,0
2233,1679925014,0
2234,1134086873,0
2235,1773940673,0
2236,1535429389,0
2237,762643986,0
2238,446480080,0
2239,1306590341,0
2240,559527791,0
2241,358343653,0
2242,645515146,0
2243,1349823291,0
2244,459722064,0
2245,433135507,0
2246,1753592582,0
2247,1850662517,0
2248,2087899738,0
2249,2033817614,1
2250,1050592788,0
2251,1844939380,0
2252,104509590,0
2253,1888650419,0
2254,844612355,0
2255,1812326747,0
2256,1101513283,0
2257,863877311,0
2258,1792577349,0
2259,671325214,0
2260,1446177125,0
2261,274654892,0
2262,1366070791,0
2263,2146928372,0
2264,48248370,0
2265,1154471493,0
2266,2001791985,0
2267,1979707388,0
2268,32428501,0
2269,889947401,0
2270,943686403,0
2271,1848887320,0
2272,1656652227,0
2273,470124727,0
2274,1808907427,0
2275,1680982804,0
2276,791408912,0
2277,1669498201,0
2278,440784981,0
2279,316499164,0
2280,1380527686,0
2281,972943187,0
2282,372483206,0
2283,168033351,0
2284,92659654,0
2285,1387855153,0
2286,1964184892,0
2287,1148235488,0
2288,1803746755,0
2289,2127215490,0
2290,1592361046,0
2291,899189234,0
2292,81453995,0
2293,389603981,0
2294,92926702,0
2295,2084689032,0
2296,568189234,0
2297,611554854,0
2298,2129251390,0
2299,933004077,0
2300,649651261,0
2301,82046353,0
2302,1711721010,0
2303,1954718066,0
2304,1553532350,1
2305,1838589168,0
2306,815051207,0
2307,882429046,0
2308,2005071967,1
2309,1586010381,0
2310,152130236,0
2311,1848168015,0
2312,675005467,0
2313,1471914473,0
2314,1612690026,0
2315,728545151,0
2316,705398963,0
2317,2121571080,0
2318,1505809532,0
2319,1698070068,0
2320,1720903688,0
2321,694261729,0
2322,2102971730,0
2323,1638957537,0
2324,1012319390,0
2325,1597630188,0
2326,1692925043,0
2327,1930075791,0
2328,949248383,0
2329,657714043,0
2330,427732969,0
2331,2012202730,0
2332,2108020114,0
2333,112721185,0
2334,274911873,0
2335,1446244133,1
2336,659065753,0
2337,654147680,0
2338,1768445945,0
2339,110121173,0
2340,1881193901,0
2341,1506005241,0
2342,868057494,0
2343,401769851,0
2344,910424822,0
2345,1473835520,0
2346,1888528433,0
2347,1518974538,0
2348,703831384,0
2349,253221355,0
2350,211860207,0
2351,407567761,0
2352,771220912,0
2353,1336449424,0
2354,780640260,0
2355,457809727,0
2356,1425071584,0
2357,291084938,0
2358,1655352678,0
2359,206826886,0
2360,245346454,0
2361,628484544,0
2362,2080420147,0
2363,1376647544,0
2364,449318732,0
2365,742253774,0
2366,2095249732,0
2367,1194318731,0
2368,187553758,0
2369,1631903071,0
2370,1340336354,0
2371,1754912483,0
2372,1224457369,0
2373,156874657,0
2374,1349502773,0
2375,554091353,0
2376,740799417,0
2377,1423103144,0
2378,902275976,0
2379,2138080282,0
2380,1704500873,0
2381,1951500889,0
2382,119643953,0
2383,1753019669,0
2384,251380912,0
2385,257365699,0
2386,476552212,0
2387,1199122970,0
2388,616534495,0
2389,1751692746,0
2390,1224460491,0
2391,1331669578,0
2392,1722254731,0
2393,362454611,0
2394,439592076,0
2395,928684308,0
2396,589615307,0
2397,126279707,0
2398,657453648,0
2399,1729484196,0
2400,1023928207,0
2401,647033392,0
2402,1836645475,0
2403,179085059,0
2404,343923650,0
2405,1183051666,0
2406,1673371412,0
2407,271706632,0
2408,1002685154,0
2409,884640136,0
2410,333993015,0
2411,870619041,0
2412,1302497308,1
2413,1997862783,0
2414,98689126,0
2415,1897477014,0
2416,1939533421,0
2417,1251122188,0
2418,226283236,0
2419,714586781,0
2420,522522595,0
2421,1596560874,0
2422,1550114999,0
2423,1067996119,0
2424,561387055,0
2425,1542687946,0
2426,638711320,0
2427,2065667001,0
2428,395359853,0
2429,2076505852,0
2430,1395044509,0
2431,765150030,0
2432,2043581835,0
2433,845738933,0
2434,1587815995,0
2435,1168965160,0
2436,1306040175,0
2437,1104157907,0
2438,1073329432,0
2439,529658494,0
2440,1628607626,0
2441,1838180120,0
2442,1493483766,0
2443,2016926924,0
2444,281595720,0
2445,164597421,0
2446,1363927936,0
2447,1732057769,0
2448,1441243184,0
2449,1498216631,0
2450,423686453,0
2451,1592503279,0
2452,750864573,0
2453,1140101531,0
2454,812881034,0
2455,1350209004,0
2456,1048093482,0
2457,1323618903,0
2458,2069677103,0
2459,1216655808,0
2460,1958732155,0
2461,719238957,0
2462,2001795081,0
2463,1495247375,0
2464,93478377,0
2465,1685374829,0
2466,1368623881,0
2467,923048928,0
2468,1846101821,0
2469,1212687480,0
2470,982693157,0
2471,1192667233,0
2472,1831767634,0
2473,89896924,0
2474,1945162879,0
2475,206306406,0
2476,495430230,1
2477,1455393992,0
2478,550801043,0
2479,1889085761,0
2480,972988589,0
2481,1758391858,0
2482,610954982,0
2483,1716184659,0
2484,1274249489,0
2485,823345798,0
2486,512328487,0
2487,2140929598,0
2488,1022613983,1
2489,1984097677,0
2490,97298516,0
2491,1467145199,0
2492,541711027,0
2493,724826674,0
2494,138378062,0
2495,1705570260,0
2496,1680468207,1
2497,441432463,0
2498,1500287267,0
2499,1978111186,0
2500,568255693,1
2501,1595658955,0
2502,1736623435,0
2503,482525852,0
2504,1932643713,0
2505,432046582,0
2506,1796844908,0
2507,1146223034,0
2508,385659905,0
2509,701678825,0
2510,1295702865,0
2511,1197139060,0
2512,575517817,0
2513,1651417203,0
2514,1958318415,0
2515,1155426261,0
2516,1430363029,0
2517,1815596999,0
2518,5016309,0
2519,1621354994,0
2520,965669253,0
2521,868604205,0
2522,95330460,0
2523,972216564,0
2524,544057763,0
2525,1712709555,0
2526,1462943234,0
2527,525384565,0
2528,1428347855,0
2529,725206177,0
2530,2033355306,0
2531,849727908,0
2532,1373952985,0
2533,1439619122,0
2534,1900268633,0
2535,637314150,0
2536,150053882,0
2537,1365478327,0
2538,922148431,0
2539,104525250,0
2540,1628942317,0
2541,1254282644,0
2542,374769367,0
2543,2012536318,0
2544,158865813,0
2545,984588291,0
2546,2070914518,0
2547,10743264,0
2548,620739736,0
2549,1762257815,0
2550,820046673,0
2551,270063147,0
2552,112321180,0
2553,1506031314,0
2554,1129286997,0
2555,1308095378,0
2556,1414317097,0
2557,228717619,0
2558,228246312,0
2559,1844502988,0
2560,198500875,0
2561,1778974044,0
2562,1374008183,0
2563,536141475,0
2564,1811713788,0
2565,1079106382,0
2566,1321108741,0
2567,135310622,0
2568,1944560548,0
2569,1278256656,0
2570,1114957493,0
2571,946086857,0
2572,955905888,0
2573,1866585489,0
2574,964987571,0
2575,1989496537,0
2576,1299447198,0
2577,227639741,0
2578,187374313,0
2579,1744343653,0
2580,1701285178,0
2581,1534708542,0
2582,1477808108,0
2583,2026162623,0
2584,1946977933,0
2585,1917174278,0
2586,820024141,0
2587,1908651532,0
2588,7924588,0
2589,1251713446,0
2590,1676295510,0
2591,40410796,0
2592,897945412,0
2593,1636148001,0
2594,201627121,0
2595,188652027,0
2596,268524195,0
2597,317842517,0
2598,579770592,0
2599,612002710,0
2600,1455682470,0
2601,1846342187,0
2602,1317767894,0
2603,740290469,0
2604,1970139605,0
2605,1818419212,0
2606,1039399418,0
2607,734182419,0
2608,1468175327,0
2609,1190831520,0
2610,1359069766,0
2611,335917304,0
2612,780465042,0
2613,143648657,0
2614,754955351,0
2615,1701667238,0
2616,1251577275,0
2617,383491600,1
2618,2106978051,0
2619,1344220335,0
2620,875880112,0
2621,1725613597,0
2622,1388285343,0
2623,1825812739,0
2624,1104651589,0
2625,445438088,0
2626,411672798,0
2627,1831441962,0
2628,525989766,0
2629,1431763993,0
2630,1428270044,0
2631,1999806255,0
2632,1826198312,0
2633,251057753,0
2634,360262016,0
2635,2048511165,0
2636,1496355821,0
2637,695711982,0
2638,2037748680,0
2639,293915204,0
2640,498839657,0
2641,1249259489,0
2642,1442616303,0
2643,440770909,0
2644,1594203644,0
2645,1872556267,0
2646,125551457,0
2647,1946073942,0
2648,1753917779,0
2649,838668292,0
2650,863298785,0
2651,433498275,0
2652,1443821970,0
2653,858840424,0
2654,641785747,0
2655,2084024806,0
2656,231458221,0
2657,287503056,0
2658,1956305976,0
2659,1974520871,0
2660,1895169487,0
2661,1048697054,0
2662,191257006,0
2663,106797669,0
2664,1744350410,0
2665,969713548,1
2666,1879620104,0
2667,835487694,0
2668,1944044112,0
2669,1660608485,0
2670,345612319,0
2671,822383444,0
2672,1103484609,0
2673,908564946,0
2674,96066997,0
2675,1248971049,0
2676,1589467385,0
2677,369819902,0
2678,29679600,0
2679,1123402452,0
2680,1085050157,1
2681,465626299,0
2682,502778535,0
2683,1812586768,0
2684,1983819302,0
2685,649378356,0
2686,1872820714,0
2687,2117701615,0
2688,2147205836,0
2689,585926164,0
2690,320663286,0
2691,1754588655,0
2692,1449975417,0
2693,301070767,0
2694,473548442,0
2695,1462810629,1
2696,634492261,1
2697,486755800,0
2698,1046647664,0
2699,29862044,0
2700,107989898,0
2701,1983293583,0
2702,311788714,0
2703,1944112985,0
2704,196310785,0
2705,735483899,0
2706,1750268551,0
2707,1927072517,0
2708,194443008,0
2709,537692922,0
2710,1439088429,0
2711,1936515608,0
2712,269587970,0
2713,1023534637,0
2714,118619383,0
2715,2072301864,0
2716,1222617044,0
2717,1984410163,0
2718,1757603200,0
2719,262849879,1
2720,1521871763,0
2721,2053555030,0
2722,1914354871,0
